hcp_id,specialty,locality,zone,Probability_Active,Positive_Demand,Expected_3M_Demand,Potential_Score,Potential_Category,final_hcp_score,Samples
NPIIN0000008740,Diabetology,Velachery,South Chennai,0.8267362924095331,3.4382149453587587,3.4382149453587587,100.0,Very High,0.9686347979206449,449
NPIIN0000004535,Diabetology,Madhavaram,North Chennai,0.15360985277439154,3.356137578980879,3.356137578980879,90.8,Very High,0.8795785726197762,408
NPIIN0000000688,Diabetology,Sholinganallur,South Chennai,0.8100914860023843,3.1360965379901447,3.1360965379901447,88.7,Very High,0.8594310881013,398
NPIIN0000001415,Endocrinology,Nungambakkam,Central Chennai,0.4442275570933187,3.2096462314788266,3.2096462314788266,87.0,Very High,0.8427226344470661,391
NPIIN0000003326,Diabetology,Guindy,South Chennai,0.4707837473974771,2.816446035524944,2.816446035524944,83.7,Very High,0.8110315830647119,376
NPIIN0000009393,Endocrinology,Tondiarpet,North Chennai,0.9124209574695099,2.6530600353067517,2.6530600353067517,81.7,Very High,0.7917156901160944,367
NPIIN0000002529,Endocrinology,Porur,South Chennai,0.9596593210369566,2.491799800164959,2.491799800164959,77.6,High,0.7519232428222348,349
NPIIN0000006649,Endocrinology,Guindy,South Chennai,0.936419961769176,2.457984402594368,2.457984402594368,76.6,High,0.7424096797976122,344
NPIIN0000006597,Endocrinology,T Nagar,Central Chennai,0.9726104663525893,2.4340731282297448,2.4340731282297448,75.8,High,0.7343788633737456,340
NPIIN0000002838,Diabetology,Nungambakkam,Central Chennai,0.9369427045420328,2.405582362667096,2.405582362667096,75.2,High,0.7286489010199764,338
NPIIN0000011198,Endocrinology,T Nagar,Central Chennai,0.9280497579840599,2.435333885950882,2.435333885950882,75.1,High,0.7274470537992561,337
NPIIN0000007868,Endocrinology,Mylapore,Central Chennai,0.9606319413648892,2.3828999514889713,2.3828999514889713,74.7,High,0.7237568009724062,335
NPIIN0000003733,Endocrinology,Perambur,North Chennai,0.969314236134421,2.312216166756308,2.312216166756308,72.2,High,0.6995977586393252,324
NPIIN0000007531,Diabetology,Egmore,Central Chennai,0.949615472186499,2.302459723425476,2.302459723425476,72.0,High,0.6970657452656205,323
NPIIN0000001855,Endocrinology,Porur,South Chennai,0.9493833566170675,2.2697878617672793,2.2697878617672793,71.4,High,0.6916451479208946,321
NPIIN0000000537,Diabetology,Tondiarpet,North Chennai,0.7711949274002058,2.296727534418291,2.296727534418291,70.5,High,0.6832517102204422,317
NPIIN0000011472,Diabetology,Mylapore,Central Chennai,0.8537967786491882,2.277583064013697,2.277583064013697,69.9,High,0.6770085374274618,314
NPIIN0000000883,Diabetology,Sholinganallur,South Chennai,0.8237053238821684,2.2583718886073827,2.2583718886073827,69.6,High,0.6744201667974211,313
NPIIN0000000307,Diabetology,Ambattur,North Chennai,0.9089427855272003,2.223423905577068,2.223423905577068,69.6,High,0.6739405351677206,312
NPIIN0000003259,Endocrinology,Tondiarpet,North Chennai,0.9355792229483362,2.1271274449905153,2.1271274449905153,67.3,High,0.6522791427467336,302
NPIIN0000005407,Diabetology,Ambattur,North Chennai,0.7330580125573355,2.201841807838279,2.201841807838279,67.2,High,0.651107054662794,302
NPIIN0000006948,Endocrinology,Adyar,South Chennai,0.8451755513205966,2.103207261595205,2.103207261595205,65.8,High,0.6374233723111298,295
NPIIN0000005138,Endocrinology,Mylapore,Central Chennai,0.9242639424948575,2.0357751213897957,2.0357751213897957,63.8,High,0.6184782308652903,287
NPIIN0000001074,Diabetology,Guindy,South Chennai,0.8029578431770363,2.0099183786710864,2.0099183786710864,63.7,High,0.6170314799257595,286
NPIIN0000006156,Diabetology,Anna Nagar,Central Chennai,0.528919024581834,2.047438117575415,2.047438117575415,63.1,High,0.6115026759329992,283
NPIIN0000000530,Endocrinology,Egmore,Central Chennai,0.852909133725753,2.018872501088503,2.018872501088503,62.9,High,0.6089887080675003,282
NPIIN0000000163,Endocrinology,Egmore,Central Chennai,0.9212024548321429,1.9979191729674375,1.9979191729674375,62.8,High,0.6083452561134316,282
NPIIN0000011098,Diabetology,Adyar,South Chennai,0.8222049352949857,2.060239577581198,2.060239577581198,62.4,High,0.6047730243362768,280
NPIIN0000001357,Endocrinology,Washermenpet,North Chennai,0.9494269477149532,1.9539893592879765,1.9539893592879765,62.1,High,0.6017392413556214,279
NPIIN0000008759,Diabetology,Perambur,North Chennai,0.9087572685512625,1.9295648935028265,1.9295648935028265,62.1,High,0.6015890205011257,279
NPIIN0000010516,Endocrinology,Kilpauk,Central Chennai,0.8726894384346312,1.9430636419147265,1.9430636419147265,62.1,High,0.6011780443035718,279
NPIIN0000000512,Endocrinology,Guindy,South Chennai,0.8795554234564439,1.9182764689998792,1.9182764689998792,61.6,High,0.5963743889215374,276
NPIIN0000009496,Endocrinology,Nungambakkam,Central Chennai,0.9392568291308516,1.9038692140780034,1.9038692140780034,61.4,High,0.594437192233082,276
NPIIN0000006773,Endocrinology,Royapuram,North Chennai,0.8822866672397618,1.9611302339607826,1.9611302339607826,61.0,High,0.5905862683461056,274
NPIIN0000011017,Endocrinology,Ambattur,North Chennai,0.04407531422445578,2.235143922255582,2.235143922255582,60.5,High,0.5864333788290813,272
NPIIN0000010708,Diabetology,Royapuram,North Chennai,0.9655349779465531,1.860459003099065,1.860459003099065,60.4,High,0.5854338723786948,271
NPIIN0000010447,Diabetology,Tambaram,South Chennai,0.781898414351615,1.972641212652949,1.972641212652949,60.1,High,0.5824458007919007,270
NPIIN0000000768,Diabetology,Nungambakkam,Central Chennai,0.9016536091313745,1.872704543230775,1.872704543230775,60.1,High,0.5818835630097625,270
NPIIN0000004104,General Medicine,Nungambakkam,Central Chennai,0.8535605626144207,1.9815863878335809,1.9815863878335809,59.8,Medium,0.5789392658163339,268
NPIIN0000000838,Diabetology,Guindy,South Chennai,0.9167682954577773,1.8819658485925714,1.8819658485925714,59.7,Medium,0.578627613468468,268
NPIIN0000005703,Endocrinology,Kilpauk,Central Chennai,0.9523506527117237,1.8624961552621078,1.8624961552621078,59.6,Medium,0.5774125938512763,268
NPIIN0000010703,Endocrinology,Anna Nagar,Central Chennai,0.8288228884991196,1.9114838521575002,1.9114838521575002,59.5,Medium,0.5767196637829228,267
NPIIN0000011874,Endocrinology,Anna Nagar,Central Chennai,0.7973013855193067,1.8906278930586171,1.8906278930586171,58.0,Medium,0.5616336233476609,260
NPIIN0000002469,Diabetology,Perambur,North Chennai,0.8237667713708312,1.8203962095886073,1.8203962095886073,57.9,Medium,0.5609924882649926,260
NPIIN0000004149,Diabetology,Ambattur,North Chennai,0.6727211991663034,1.8823461810661246,1.8823461810661246,57.8,Medium,0.5603019982500039,260
NPIIN0000011704,Diabetology,Ambattur,North Chennai,0.14046250814329744,2.1176852304800695,2.1176852304800695,57.3,Medium,0.5550436004308144,257
NPIIN0000008159,Diabetology,Egmore,Central Chennai,0.01845188214656312,2.1185375614153337,2.1185375614153337,57.3,Medium,0.554675135280872,257
NPIIN0000011678,Endocrinology,Sholinganallur,South Chennai,0.9536909389391325,1.768120953752751,1.768120953752751,57.0,Medium,0.552194124915325,256
NPIIN0000010374,Diabetology,Nungambakkam,Central Chennai,0.8740686849760617,1.7387578551902194,1.7387578551902194,56.7,Medium,0.5492059842714481,255
NPIIN0000009656,Diabetology,Sholinganallur,South Chennai,0.9485394611105911,1.7382395281232226,1.7382395281232226,56.6,Medium,0.5483572795895197,254
NPIIN0000008084,Endocrinology,Royapuram,North Chennai,0.8652812552854696,1.7656002242128988,1.7656002242128988,55.8,Medium,0.5402289280332971,250
NPIIN0000001764,Diabetology,Egmore,Central Chennai,0.9184109090213604,1.6800701323319218,1.6800701323319218,55.6,Medium,0.5383093606974597,250
NPIIN0000006335,Diabetology,Porur,South Chennai,0.8622622002310326,1.6576946843847937,1.6576946843847937,54.5,Medium,0.5279056634049955,245
NPIIN0000001722,Endocrinology,Anna Nagar,Central Chennai,0.7793360839527508,1.7004024698864253,1.7004024698864253,54.4,Medium,0.5268730775930948,244
NPIIN0000000031,Endocrinology,Adyar,South Chennai,0.8590168025687226,1.6658361006087425,1.6658361006087425,54.2,Medium,0.5254186667672338,244
NPIIN0000000649,Endocrinology,Sholinganallur,South Chennai,0.9252854547559562,1.6268115287080092,1.6268115287080092,54.1,Medium,0.5243729966148652,243
NPIIN0000007975,Endocrinology,Sholinganallur,South Chennai,0.9120416817647379,1.6592973028210256,1.6592973028210256,53.7,Medium,0.520117218028455,241
NPIIN0000007589,Diabetology,Ambattur,North Chennai,0.687267825008367,1.6669691613403381,1.6669691613403381,53.3,Medium,0.5160968233648427,239
NPIIN0000000951,General Medicine,Ambattur,North Chennai,0.08341449441356033,1.964839839219409,1.964839839219409,53.1,Medium,0.5144749403729804,238
NPIIN0000011637,Diabetology,Sholinganallur,South Chennai,0.9151824624912008,1.6379404130847623,1.6379404130847623,53.1,Medium,0.5140615463105003,238
NPIIN0000000238,Diabetology,Porur,South Chennai,0.43833120580379303,1.758049568338993,1.758049568338993,53.0,Medium,0.5131315063017174,238
NPIIN0000009980,Endocrinology,Kilpauk,Central Chennai,0.9548422046343917,1.6135060747893297,1.6135060747893297,52.9,Medium,0.5123371882839104,237
NPIIN0000001296,Diabetology,Madhavaram,North Chennai,0.8989510676179747,1.6025514968607535,1.6025514968607535,52.7,Medium,0.5104237592333453,237
NPIIN0000001469,Endocrinology,Guindy,South Chennai,0.7791567530755447,1.6492684582931136,1.6492684582931136,51.6,Medium,0.5000652166773515,232
NPIIN0000002660,Diabetology,Kilpauk,Central Chennai,0.7589175496413192,1.6449700534505862,1.6449700534505862,51.5,Medium,0.49899272190943145,231
NPIIN0000011679,Endocrinology,Madhavaram,North Chennai,0.8988209932517472,1.5489405318268232,1.5489405318268232,51.3,Medium,0.4972576839300954,231
NPIIN0000002803,Diabetology,T Nagar,Central Chennai,0.46142534281232744,1.7020375658430984,1.7020375658430984,51.2,Medium,0.4963450355204284,230
NPIIN0000000173,Diabetology,Mylapore,Central Chennai,0.943357673694159,1.5159866796948098,1.5159866796948098,51.1,Medium,0.4950691178482701,229
NPIIN0000008587,Endocrinology,T Nagar,Central Chennai,0.8923861488131332,1.5339774206297108,1.5339774206297108,50.8,Medium,0.49223825760878204,228
NPIIN0000008455,Endocrinology,Anna Nagar,Central Chennai,0.8475585552996617,1.6507741629441908,1.6507741629441908,50.8,Medium,0.4921531096912606,228
NPIIN0000008263,Diabetology,Guindy,South Chennai,0.6656819192883224,1.5898192775369548,1.5898192775369548,50.7,Medium,0.4915459500241447,228
NPIIN0000002278,Endocrinology,Kilpauk,Central Chennai,0.44828191933596856,1.6854259661428526,1.6854259661428526,50.7,Medium,0.4908070164955409,228
NPIIN0000003160,Endocrinology,Egmore,Central Chennai,0.011888196702031537,1.8667166621099687,1.8667166621099687,50.5,Medium,0.48875071262483655,227
NPIIN0000008798,Endocrinology,Tondiarpet,North Chennai,0.6158342253984997,1.6532148783798908,1.6532148783798908,50.4,Medium,0.48860775672612144,226
NPIIN0000002865,Endocrinology,Madhavaram,North Chennai,0.897829880611335,1.5166761850614066,1.5166761850614066,50.4,Medium,0.48790171392981907,226
NPIIN0000006461,Diabetology,Mylapore,Central Chennai,0.2818991013770063,1.8577354114046538,1.8577354114046538,50.3,Medium,0.48737345640808144,226
NPIIN0000006372,Endocrinology,Egmore,Central Chennai,0.3244600952972939,1.6860044505204195,1.6860044505204195,49.8,Medium,0.4828407416590402,224
NPIIN0000000792,Endocrinology,Tondiarpet,North Chennai,0.820669966724632,1.581789019790452,1.581789019790452,49.8,Medium,0.4824828953647023,224
NPIIN0000005349,Endocrinology,Adyar,South Chennai,0.906730182193397,1.583906823937139,1.583906823937139,49.5,Medium,0.4795626055761347,222
NPIIN0000005766,Diabetology,Madhavaram,North Chennai,0.9459733298538883,1.4655516730202756,1.4655516730202756,49.5,Medium,0.47935963668991366,222
NPIIN0000001702,Diabetology,Sholinganallur,South Chennai,0.9131171268440164,1.5052054743758254,1.5052054743758254,49.5,Medium,0.4793208360938605,222
NPIIN0000000091,General Medicine,Egmore,Central Chennai,0.08901566350530919,1.7716291471892094,1.7716291471892094,49.4,Medium,0.47895894980185005,222
NPIIN0000007051,General Medicine,Sholinganallur,South Chennai,0.9148470882180654,1.4846453591952176,1.4846453591952176,49.2,Medium,0.47670001632128634,221
NPIIN0000001938,Diabetology,Madhavaram,North Chennai,0.5053274708519488,1.4966627242221089,1.4966627242221089,49.0,Medium,0.4744195381377672,220
NPIIN0000010733,Endocrinology,Guindy,South Chennai,0.8277515790832519,1.5304574888351927,1.5304574888351927,49.0,Medium,0.4743503529417457,220
NPIIN0000005853,Endocrinology,Nungambakkam,Central Chennai,0.7739565678219661,1.5618931831842149,1.5618931831842149,48.9,Medium,0.4741234567153411,220
NPIIN0000002033,Endocrinology,Mylapore,Central Chennai,0.6660379155088902,1.5148524969420254,1.5148524969420254,48.9,Medium,0.4737550255915068,220
NPIIN0000006087,Endocrinology,Royapuram,North Chennai,0.796505970925728,1.5431315837848578,1.5431315837848578,48.6,Medium,0.4704803757761514,218
NPIIN0000005435,Diabetology,Adyar,South Chennai,0.8150892174230107,1.4534620128089948,1.4534620128089948,48.5,Medium,0.47010746205300963,218
NPIIN0000004763,Diabetology,Guindy,South Chennai,0.8941310507286198,1.4317034476887804,1.4317034476887804,48.5,Medium,0.46989501472453926,218
NPIIN0000005038,Endocrinology,Egmore,Central Chennai,0.940609800898685,1.4294052874762715,1.4294052874762715,48.5,Medium,0.4694544088618996,218
NPIIN0000006926,Endocrinology,T Nagar,Central Chennai,0.8431471562455852,1.483759767592012,1.483759767592012,48.4,Medium,0.46923907411512783,218
NPIIN0000006778,Diabetology,Royapuram,North Chennai,0.6709746117962264,1.5298233487253707,1.5298233487253707,48.3,Medium,0.4677825441907678,217
NPIIN0000003416,Endocrinology,T Nagar,Central Chennai,0.922420711955162,1.441250292078905,1.441250292078905,48.3,Medium,0.4675607425952605,217
NPIIN0000004435,Endocrinology,Ambattur,North Chennai,0.9387125035982045,1.405551599814888,1.405551599814888,48.1,Medium,0.46645915736058147,216
NPIIN0000000772,Diabetology,Ambattur,North Chennai,0.6508831161345443,1.5376420028654765,1.5376420028654765,48.1,Medium,0.46580457909066225,216
NPIIN0000003986,Endocrinology,Nungambakkam,Central Chennai,0.8392456087542224,1.4711824776975766,1.4711824776975766,48.1,Medium,0.4655095119501924,216
NPIIN0000010514,Dermatology,Perambur,North Chennai,0.840243228287528,1.4692858347897972,1.4692858347897972,48.0,Medium,0.4652500777184213,216
NPIIN0000005727,Endocrinology,Tambaram,South Chennai,0.9182780832591102,1.4378775699865078,1.4378775699865078,48.0,Medium,0.46489157903334266,216
NPIIN0000002077,Diabetology,Porur,South Chennai,0.9496110693667799,1.393729579207835,1.393729579207835,47.7,Medium,0.4624363412458966,214
